id,name,price,old_price,category,type,brand,description,in_stock,featured,badge,added,image,more_images
auto-led-headlight-kit,Auto LED Headlight Bulb Kit,,,car,car-lights,,Lighting upgrade for your car.,yes,,,2026-10-06,images/products/auto-led-headlight-kit.jpg,
led-interior-bulbs-set,LED Interior Festoon & T10 Bulbs,,,car,car-lights,,Lighting upgrade for your car.,yes,,,2026-10-06,images/products/led-interior-bulbs-set.jpg,
3r-reflective-warning-strips,3R Reflective Warning Strips (3R-2150),,,car,emergency,,Be prepared on the road.,yes,,,2026-10-06,images/products/3r-reflective-warning-strips.jpg,
getsun-fuel-injector-cleaner,Getsun Fuel Injector Cleaner G-1098 (250 ml),,,car,chemicals,,"Car care product for a cleaner, better-protected vehicle.",yes,,,2026-10-06,images/products/getsun-fuel-injector-cleaner.jpg,
getsun-carb-cleaner,Getsun Carb Cleaner G-2045 (450 ml),,,car,chemicals,,"Car care product for a cleaner, better-protected vehicle.",yes,,,2026-10-06,images/products/getsun-carb-cleaner-2.jpg,images/products/getsun-carb-cleaner.jpg images/products/getsun-carb-cleaner-3.jpg
getsun-de-rust-penetrant,Getsun De-Rust Lubricating Penetrant (450 ml),,,car,chemicals,,"Car care product for a cleaner, better-protected vehicle.",yes,,,2026-10-06,images/products/getsun-de-rust-penetrant.jpg,images/products/getsun-de-rust-penetrant-2.jpg
getsun-car-wax,Getsun Car Wax G-7078 (473 ml),,,car,chemicals,,"Car care product for a cleaner, better-protected vehicle.",yes,yes,,2026-10-06,images/products/getsun-car-wax.jpg,images/products/getsun-car-wax-2.jpg
puratech-high-mileage-supplement,Puratech High Mileage Oil Change Supplement (355 ml),,,car,chemicals,,"Car care product for a cleaner, better-protected vehicle.",yes,,,2026-10-06,images/products/puratech-high-mileage-supplement.jpg,
floor-mats-bmw-quilted,Rubber Floor Mats - BMW Quilted Design,,,car,floor-mats,BMW,Heavy-duty rubber floor mats - BMW design. Easy to clean and made to protect your carpet.,yes,,,2026-10-06,images/products/floor-mats-bmw-quilted.jpg,images/products/floor-mats-bmw-quilted-2.jpg images/products/floor-mats-bmw-quilted-3.jpg
floor-mats-mercedes-red-ring,Rubber Floor Mats - Mercedes-Benz Red Ring,,,car,floor-mats,Mercedes,Heavy-duty rubber floor mats - Mercedes design. Easy to clean and made to protect your carpet.,yes,,,2026-10-06,images/products/floor-mats-mercedes-red-ring.jpg,
floor-mats-mercedes-grid,Rubber Floor Mats - Mercedes-Benz Grid Design,,,car,floor-mats,Mercedes,Heavy-duty rubber floor mats - Mercedes design. Easy to clean and made to protect your carpet.,yes,,,2026-10-06,images/products/floor-mats-mercedes-grid.jpg,images/products/floor-mats-mercedes-grid-2.jpg
car-seat-headrest-hook,Car Seat Headrest Hook (4 Hooks),,,car,interior,,Interior accessory for more comfort and convenience.,yes,,,2026-10-06,images/products/car-seat-headrest-hook.jpg,
floor-mats-mercedes-quilted,Rubber Floor Mats - Mercedes-Benz Quilted Design,,,car,floor-mats,Mercedes,Heavy-duty rubber floor mats - Mercedes design. Easy to clean and made to protect your carpet.,yes,,,2026-10-06,images/products/floor-mats-mercedes-quilted.jpg,images/products/floor-mats-mercedes-quilted-2.jpg
floor-mats-mercedes-amg,Rubber Floor Mats - Mercedes AMG,,,car,floor-mats,Mercedes,Heavy-duty rubber floor mats - Mercedes design. Easy to clean and made to protect your carpet.,yes,yes,,2026-10-06,images/products/floor-mats-mercedes-amg.jpg,
floor-mats-vw-golf,Rubber Floor Mats - VW Golf (Red Logo),,,car,floor-mats,VW,Heavy-duty rubber floor mats - VW design. Easy to clean and made to protect your carpet.,yes,,,2026-10-06,images/products/floor-mats-vw-golf.jpg,
floor-mats-bmw-red-ring,Rubber Floor Mats - BMW Red Ring M Design,,,car,floor-mats,BMW,Heavy-duty rubber floor mats - BMW design. Easy to clean and made to protect your carpet.,yes,,,2026-10-06,images/products/floor-mats-bmw-red-ring.jpg,
floor-mats-bmw-m,Rubber Floor Mats - BMW M Design,,,car,floor-mats,BMW,Heavy-duty rubber floor mats - BMW design. Easy to clean and made to protect your carpet.,yes,,,2026-10-06,images/products/floor-mats-bmw-m.jpg,images/products/floor-mats-bmw-m-2.jpg
floor-mats-universal-grid,Universal Rubber Floor Mats - Grid Design (No Logo),,,car,floor-mats,Universal,Heavy-duty rubber floor mats. Easy to clean and made to protect your carpet.,yes,,,2026-10-06,images/products/floor-mats-universal-grid.jpg,
floor-mats-renault-quilted,Rubber Floor Mats - Renault Quilted Design,,,car,floor-mats,Renault,Heavy-duty rubber floor mats - Renault design. Easy to clean and made to protect your carpet.,yes,,,2026-10-06,images/products/floor-mats-renault-quilted.jpg,
floor-mats-mazda-red-ring,Rubber Floor Mats - Mazda Red Ring,,,car,floor-mats,Mazda,Heavy-duty rubber floor mats - Mazda design. Easy to clean and made to protect your carpet.,yes,,,2026-10-06,images/products/floor-mats-mazda-red-ring.jpg,
floor-mats-chevrolet-red-ring,Rubber Floor Mats - Chevrolet Red Ring,,,car,floor-mats,Chevrolet,Heavy-duty rubber floor mats - Chevrolet design. Easy to clean and made to protect your carpet.,yes,,,2026-10-06,images/products/floor-mats-chevrolet-red-ring.jpg,
floor-mats-honda-quilted,Rubber Floor Mats - Honda Quilted Design,,,car,floor-mats,Honda,Heavy-duty rubber floor mats - Honda design. Easy to clean and made to protect your carpet.,yes,,,2026-10-06,images/products/floor-mats-honda-quilted.jpg,
floor-mats-hyundai-quilted,Rubber Floor Mats - Hyundai Quilted Design,,,car,floor-mats,Hyundai,Heavy-duty rubber floor mats - Hyundai design. Easy to clean and made to protect your carpet.,yes,,,2026-10-06,images/products/floor-mats-hyundai-quilted.jpg,
floor-mats-bmw-grid,Rubber Floor Mats - BMW Grid Design,,,car,floor-mats,BMW,Heavy-duty rubber floor mats - BMW design. Easy to clean and made to protect your carpet.,yes,,,2026-10-06,images/products/floor-mats-bmw-grid.jpg,
floor-mats-universal-quilted,Universal Rubber Floor Mats - Quilted Design (No Logo),,,car,floor-mats,Universal,Heavy-duty rubber floor mats. Easy to clean and made to protect your carpet.,yes,,,2026-10-06,images/products/floor-mats-universal-quilted.jpg,
floor-mats-land-rover-red-ring,Rubber Floor Mats - Land Rover Red Ring,,,car,floor-mats,Land Rover,Heavy-duty rubber floor mats - Land Rover design. Easy to clean and made to protect your carpet.,yes,,,2026-10-06,images/products/floor-mats-land-rover-red-ring.jpg,
floor-mats-daihatsu-quilted,Rubber Floor Mats - Daihatsu Quilted Design,,,car,floor-mats,Daihatsu,Heavy-duty rubber floor mats - Daihatsu design. Easy to clean and made to protect your carpet.,yes,,,2026-10-06,images/products/floor-mats-daihatsu-quilted.jpg,
floor-mats-kia-quilted,Rubber Floor Mats - Kia Quilted Design,,,car,floor-mats,Kia,Heavy-duty rubber floor mats - Kia design. Easy to clean and made to protect your carpet.,yes,,,2026-10-06,images/products/floor-mats-kia-quilted.jpg,
floor-mats-land-rover-quilted,Rubber Floor Mats - Land Rover Quilted Design,,,car,floor-mats,Land Rover,Heavy-duty rubber floor mats - Land Rover design. Easy to clean and made to protect your carpet.,yes,,,2026-10-06,images/products/floor-mats-land-rover-quilted.jpg,
floor-mats-subaru-grid,Rubber Floor Mats - Subaru Grid Design,,,car,floor-mats,Subaru,Heavy-duty rubber floor mats - Subaru design. Easy to clean and made to protect your carpet.,yes,,,2026-10-06,images/products/floor-mats-subaru-grid.jpg,
floor-mats-toyota-quilted,Rubber Floor Mats - Toyota Quilted Design,,,car,floor-mats,Toyota,Heavy-duty rubber floor mats - Toyota design. Easy to clean and made to protect your carpet.,yes,,,2026-10-06,images/products/floor-mats-toyota-quilted.jpg,
floor-mats-hyundai-grid,Rubber Floor Mats - Hyundai Grid Design,,,car,floor-mats,Hyundai,Heavy-duty rubber floor mats - Hyundai design. Easy to clean and made to protect your carpet.,yes,,,2026-10-06,images/products/floor-mats-hyundai-grid.jpg,
floor-mats-audi-grid,Rubber Floor Mats - Audi Grid Design,,,car,floor-mats,Audi,Heavy-duty rubber floor mats - Audi design. Easy to clean and made to protect your carpet.,yes,,,2026-10-06,images/products/floor-mats-audi-grid.jpg,
floor-mats-peugeot-grid,Rubber Floor Mats - Peugeot Grid Design,,,car,floor-mats,Peugeot,Heavy-duty rubber floor mats - Peugeot design. Easy to clean and made to protect your carpet.,yes,,,2026-10-06,images/products/floor-mats-peugeot-grid.jpg,
floor-mats-citroen-red-ring,Rubber Floor Mats - Citroën Red Ring,,,car,floor-mats,Citroën,Heavy-duty rubber floor mats - Citroën design. Easy to clean and made to protect your carpet.,yes,,,2026-10-06,images/products/floor-mats-citroen-red-ring.jpg,
floor-mats-dodge-ram,Rubber Floor Mats - Dodge Ram Design,,,car,floor-mats,Dodge,Heavy-duty rubber floor mats - Dodge design. Easy to clean and made to protect your carpet.,yes,,,2026-10-06,images/products/floor-mats-dodge-ram.jpg,
floor-mats-honda-red-ring,Rubber Floor Mats - Honda Red Ring,,,car,floor-mats,Honda,Heavy-duty rubber floor mats - Honda design. Easy to clean and made to protect your carpet.,yes,,,2026-10-06,images/products/floor-mats-honda-red-ring.jpg,
floor-mats-mitsubishi-red-ring,Rubber Floor Mats - Mitsubishi Red Ring,,,car,floor-mats,Mitsubishi,Heavy-duty rubber floor mats - Mitsubishi design. Easy to clean and made to protect your carpet.,yes,,,2026-10-06,images/products/floor-mats-mitsubishi-red-ring.jpg,
floor-mats-nissan-grid,Rubber Floor Mats - Nissan Grid Design,,,car,floor-mats,Nissan,Heavy-duty rubber floor mats - Nissan design. Easy to clean and made to protect your carpet.,yes,,,2026-10-06,images/products/floor-mats-nissan-grid.jpg,
floor-mats-mitsubishi-grid,Rubber Floor Mats - Mitsubishi Grid Design,,,car,floor-mats,Mitsubishi,Heavy-duty rubber floor mats - Mitsubishi design. Easy to clean and made to protect your carpet.,yes,,,2026-10-06,images/products/floor-mats-mitsubishi-grid.jpg,
floor-mats-lexus-grid,Rubber Floor Mats - Lexus Grid Design,,,car,floor-mats,Lexus,Heavy-duty rubber floor mats - Lexus design. Easy to clean and made to protect your carpet.,yes,,,2026-10-06,images/products/floor-mats-lexus-grid.jpg,
floor-mats-citroen-grid,Rubber Floor Mats - Citroën Grid Design,,,car,floor-mats,Citroën,Heavy-duty rubber floor mats - Citroën design. Easy to clean and made to protect your carpet.,yes,,,2026-10-06,images/products/floor-mats-citroen-grid.jpg,
floor-mats-peugeot-red-ring,Rubber Floor Mats - Peugeot Red Ring,,,car,floor-mats,Peugeot,Heavy-duty rubber floor mats - Peugeot design. Easy to clean and made to protect your carpet.,yes,,,2026-10-06,images/products/floor-mats-peugeot-red-ring.jpg,
floor-mats-nissan-red-ring,Rubber Floor Mats - Nissan Red Ring,,,car,floor-mats,Nissan,Heavy-duty rubber floor mats - Nissan design. Easy to clean and made to protect your carpet.,yes,,,2026-10-06,images/products/floor-mats-nissan-red-ring.jpg,
floor-mats-hyundai-red-ring,Rubber Floor Mats - Hyundai Red Ring,,,car,floor-mats,Hyundai,Heavy-duty rubber floor mats - Hyundai design. Easy to clean and made to protect your carpet.,yes,,,2026-10-06,images/products/floor-mats-hyundai-red-ring.jpg,
car-jump-starter-kit,Portable Car Jump Starter & Power Bank Kit,,,car,emergency,,Be prepared on the road.,yes,yes,,2026-10-06,images/products/car-jump-starter-kit.jpg,
menzerna-metal-polish,Menzerna Metal Polish - Universal Polishing Cream,,,car,chemicals,,"Car care product for a cleaner, better-protected vehicle.",yes,,,2026-10-06,images/products/menzerna-metal-polish.jpg,
brass-battery-terminals,Brass Battery Terminal Clamps (Pair),,,car,parts,,Replacement part for your vehicle.,yes,,,2026-10-06,images/products/brass-battery-terminals.jpg,
roadside-emergency-kit-bag,"Roadside Emergency Kit (Jumper Cables, Tow Strap, Gloves, Flashlight)",,,car,emergency,,Be prepared on the road.,yes,,,2026-10-06,images/products/roadside-emergency-kit-bag.jpg,
dashboard-cob-strobe-light,"Dashboard COB Strobe Light (12V, Suction Mount)",,,car,car-lights,,Lighting upgrade for your car.,yes,,,2026-10-06,images/products/dashboard-cob-strobe-light.jpg,
car-disco-led-light,Car Interior Rotating Disco LED Light,,,car,car-lights,,Lighting upgrade for your car.,yes,,,2026-10-06,images/products/car-disco-led-light.jpg,
wooden-detail-brush,Wooden Handle Detail Brush,,,car,cleaning,,Car washing and cleaning essential.,yes,,,2026-10-06,images/products/wooden-detail-brush.jpg,
nylon-scrub-brush,Nylon Scrub Brush with Comfort Grip,,,car,cleaning,,Car washing and cleaning essential.,yes,,,2026-10-06,images/products/nylon-scrub-brush.jpg,
window-tint-squeegee-kit,Window Tint & Wrap Squeegee Kit with Blades,,,car,cleaning,,Car washing and cleaning essential.,yes,,,2026-10-06,images/products/window-tint-squeegee-kit.jpg,
rtv-silicone-gasket-maker-black,RTV Silicone Gasket Maker 1199B - Black (85 g),,,car,chemicals,,"Car care product for a cleaner, better-protected vehicle.",yes,,,2026-10-06,images/products/rtv-silicone-gasket-maker-black.jpg,images/products/rtv-silicone-gasket-maker-black-2.jpg
long-wheel-brush-yellow,Long Handle Wheel Brush (Yellow Bristles),,,car,cleaning,,Car washing and cleaning essential.,yes,,,2026-10-06,images/products/long-wheel-brush-yellow.jpg,
hybrid-wiper-blade,Hybrid Windshield Wiper Blade,,,car,parts,,Replacement part for your vehicle.,yes,,,2026-10-06,images/products/hybrid-wiper-blade.jpg,
curved-crevice-brush,Curved Crevice Cleaning Brush,,,car,cleaning,,Car washing and cleaning essential.,yes,,,2026-10-06,images/products/curved-crevice-brush.jpg,
detailing-brush-set-5pc,"Detailing Brush Set (5 pcs, Red & Black)",,,car,cleaning,,Car washing and cleaning essential.,yes,,,2026-10-06,images/products/detailing-brush-set-5pc.jpg,
shamood-solid-air-freshener-fruit,Shamood Solid Air Freshener Tin - Fruit Scent,,,car,air-fresheners,,Keeps your car smelling fresh.,yes,,,2026-10-06,images/products/shamood-solid-air-freshener-fruit.jpg,
horsehair-leather-brush,Horsehair Leather & Upholstery Brush,,,car,cleaning,,Car washing and cleaning essential.,yes,,,2026-10-06,images/products/horsehair-leather-brush.jpg,images/products/horsehair-leather-brush-2.jpg
rcozy-phone-holder-blue,Rcozy Universal Car Phone Holder - Gooseneck (Blue),,,car,phone-holders,,Keeps your phone secure and in view while you drive.,yes,yes,,2026-10-06,images/products/rcozy-phone-holder-blue.jpg,
airpro-helmet-air-freshener,Airpro Helmet Car Air Freshener - Romantic Encounter (2 Refills),,,car,air-fresheners,,Keeps your car smelling fresh.,yes,,,2026-10-06,images/products/airpro-helmet-air-freshener.jpg,
rcozy-phone-holder-yellow,Rcozy Universal Car Phone Holder - Suction (Yellow),,,car,phone-holders,,Keeps your phone secure and in view while you drive.,yes,,,2026-10-06,images/products/rcozy-phone-holder-yellow.jpg,
drill-brush-attachment-set,Drill Brush Attachment Set with Extension,,,car,cleaning,,Car washing and cleaning essential.,yes,,,2026-10-06,images/products/drill-brush-attachment-set.jpg,
nylon-detail-brush-white,Nylon Detail Brush (White Handle),,,car,cleaning,,Car washing and cleaning essential.,yes,,,2026-10-06,images/products/nylon-detail-brush-white.jpg,
vent-dashboard-brushes,Vent & Dashboard Cleaning Brushes (Pair),,,car,cleaning,,Car washing and cleaning essential.,yes,,,2026-10-06,images/products/vent-dashboard-brushes.jpg,
shamood-vent-stick-air-freshener,Shamood Solid Essential Oil Vent Stick Air Freshener,,,car,air-fresheners,,Keeps your car smelling fresh.,yes,,,2026-10-06,images/products/shamood-vent-stick-air-freshener.jpg,
shamood-vent-clip-air-freshener,Shamood Vent Clip Air Freshener - Orchard (2-Pack),,,car,air-fresheners,,Keeps your car smelling fresh.,yes,,,2026-10-06,images/products/shamood-vent-clip-air-freshener.jpg,
telescopic-window-cleaner,Telescopic Window Cleaner & Squeegee,,,car,cleaning,,Car washing and cleaning essential.,yes,,,2026-10-06,images/products/telescopic-window-cleaner.jpg,
tow-rope-white-shackles,Heavy-Duty Tow Rope with Shackles (White & Red),,,car,emergency,,Be prepared on the road.,yes,,,2026-10-06,images/products/tow-rope-white-shackles.jpg,
memory-foam-seat-cushion,Memory Foam Seat Cushion (Mesh Cover),,,car,interior,,Interior accessory for more comfort and convenience.,yes,,,2026-10-06,images/products/memory-foam-seat-cushion.jpg,
ngk-iridium-spark-plug,NGK Iridium IX Spark Plug,,,car,parts,,Replacement part for your vehicle.,yes,,,2026-10-06,images/products/ngk-iridium-spark-plug.jpg,
car-ashtray-led,Car Ashtray with Blue LED Light,,,car,interior,,Interior accessory for more comfort and convenience.,yes,,,2026-10-06,images/products/car-ashtray-led.jpg,
joeba-tow-strap-orange,Joeba Heavy-Duty Tow Strap (Orange),,,car,emergency,,Be prepared on the road.,yes,,,2026-10-06,images/products/joeba-tow-strap-orange.jpg,
window-sun-shade-roller,Retractable Window Sun Shade,,,car,interior,,Interior accessory for more comfort and convenience.,yes,,,2026-10-06,images/products/window-sun-shade-roller.jpg,
seat-gap-organizer-brown,Seat Gap Organizer with Cup Holder (Brown Leather),,,car,interior,,Interior accessory for more comfort and convenience.,yes,,,2026-10-06,images/products/seat-gap-organizer-brown.jpg,
tow-strap-yellow-hooks,Tow Strap with Steel Hooks (Yellow),,,car,emergency,,Be prepared on the road.,yes,,,2026-10-06,images/products/tow-strap-yellow-hooks.jpg,
ngk-spark-plug-v-power,NGK V-Power Spark Plug,,,car,parts,,Replacement part for your vehicle.,yes,,,2026-10-06,images/products/ngk-spark-plug-v-power.jpg,
denso-spark-plug,Denso Spark Plug,,,car,parts,,Replacement part for your vehicle.,yes,,,2026-10-06,images/products/denso-spark-plug.jpg,
car-wash-mop-telescopic,Car Wash Mop with Telescopic Handle,,,car,cleaning,,Car washing and cleaning essential.,yes,,,2026-10-06,images/products/car-wash-mop-telescopic.jpg,images/products/car-wash-mop-yellow.jpg
fantasticxml-grease-200g,FantasticXml Synthetic Automotive Grease (200 g),,,car,chemicals,,"Car care product for a cleaner, better-protected vehicle.",yes,,,2026-10-06,images/products/fantasticxml-grease-200g.jpg,
hose-spray-nozzle,Garden Hose Spray Nozzle (Multi-Pattern),,,car,cleaning,,Car washing and cleaning essential.,yes,,,2026-10-06,images/products/hose-spray-nozzle.jpg,
microfiber-towel-blue,Microfiber Cleaning Towel (Blue),,,car,cleaning,,Car washing and cleaning essential.,yes,,,2026-10-06,images/products/microfiber-towel-blue.jpg,
pressure-washer-extension-wand,Pressure Washer Extension Wand (Quick Connect),,,car,cleaning,,Car washing and cleaning essential.,yes,,,2026-10-06,images/products/pressure-washer-extension-wand.jpg,
microfiber-towel-gray,Plush Microfiber Drying Towel (Gray),,,car,cleaning,,Car washing and cleaning essential.,yes,,,2026-10-06,images/products/microfiber-towel-gray.jpg,
microfiber-towel-purple,Microfiber Cleaning Towel (Purple),,,car,cleaning,,Car washing and cleaning essential.,yes,,,2026-10-06,images/products/microfiber-towel-purple.jpg,
glass-cleaning-cloth-green,Microfiber Glass Cleaning Cloth (Lime),,,car,cleaning,,Car washing and cleaning essential.,yes,,,2026-10-06,images/products/glass-cleaning-cloth-green.jpg,
microfiber-towel-green,Microfiber Cleaning Towel (Green),,,car,cleaning,,Car washing and cleaning essential.,yes,,,2026-10-06,images/products/microfiber-towel-green.jpg,
chenille-wash-mop-head,Chenille Microfiber Wash Mop Head (Blue),,,car,cleaning,,Car washing and cleaning essential.,yes,,,2026-10-06,images/products/chenille-wash-mop-head.jpg,
snow-foam-lance-1l,Snow Foam Lance with 1 L Bottle,,,car,cleaning,,Car washing and cleaning essential.,yes,,,2026-10-06,images/products/snow-foam-lance-1l.jpg,
horsehair-brush-wooden,Horsehair Brush (Wooden Block),,,car,cleaning,,Car washing and cleaning essential.,yes,,,2026-10-06,images/products/horsehair-brush-wooden.jpg,
microfiber-towel-yellow,Plush Microfiber Towel (Yellow),,,car,cleaning,,Car washing and cleaning essential.,yes,,,2026-10-06,images/products/microfiber-towel-yellow.jpg,
pressure-washer-gun-red-trigger,Pressure Washer Gun (Red Trigger),,,car,cleaning,,Car washing and cleaning essential.,yes,,,2026-10-06,images/products/pressure-washer-gun-red-trigger.jpg,
turbo-rotary-nozzle-blue,Turbo Rotary Nozzle with Quick Connector (Blue),,,car,cleaning,,Car washing and cleaning essential.,yes,,,2026-10-06,images/products/turbo-rotary-nozzle-blue.jpg,
car-vacuum-12v-blue-box,High-Power Portable Car Vacuum 12V (Blue Box),,,car,interior,,Interior accessory for more comfort and convenience.,yes,,,2026-10-06,images/products/car-vacuum-12v-blue-box.jpg,images/products/car-vacuum-12v-green-box.jpg
pressure-washer-gun-yellow-trigger,Pressure Washer Gun (Yellow Trigger),,,car,cleaning,,Car washing and cleaning essential.,yes,,,2026-10-06,images/products/pressure-washer-gun-yellow-trigger.jpg,
high-pressure-hose-coil,High-Pressure Washer Hose (Coil),,,car,cleaning,,Car washing and cleaning essential.,yes,,,2026-10-06,images/products/high-pressure-hose-coil.jpg,
windshield-squeegee-sponge,Windshield Squeegee with Sponge,,,car,cleaning,,Car washing and cleaning essential.,yes,,,2026-10-06,images/products/windshield-squeegee-sponge.jpg,
oil-filter-hu514x,"Oil Filter HU514X (Mercedes W203/W209/W211, C180/C200)",,,car,oil-filters,Mercedes,Replacement oil filter for Mercedes. Check the part number or ask us to confirm it fits your car.,yes,,,2026-10-06,images/products/oil-filter-hu514x.jpg,
oil-filter-hu816zkit,"Oil Filter HU816ZKIT (BMW N20, F18/F20/F30)",,,car,oil-filters,BMW,Replacement oil filter for BMW. Check the part number or ask us to confirm it fits your car.,yes,,,2026-10-06,images/products/oil-filter-hu816zkit.jpg,
oil-filter-hu715-5x,"Oil Filter HU715/5X (BMW E60, X5)",,,car,oil-filters,BMW,Replacement oil filter for BMW. Check the part number or ask us to confirm it fits your car.,yes,,,2026-10-06,images/products/oil-filter-hu715-5x.jpg,
oil-filter-hu6008z,"Oil Filter HU6008Z (Mercedes C63 AMG, W221/W222)",,,car,oil-filters,Mercedes,Replacement oil filter for Mercedes. Check the part number or ask us to confirm it fits your car.,yes,,,2026-10-06,images/products/oil-filter-hu6008z.jpg,
oil-filter-hu8002zkit,"Oil Filter HU8002ZKIT (BMW E90/91/92, F10/F11, E84)",,,car,oil-filters,BMW,Replacement oil filter for BMW. Check the part number or ask us to confirm it fits your car.,yes,,,2026-10-06,images/products/oil-filter-hu8002zkit.jpg,
oil-filter-hu612x,"Oil Filter HU612X (Peugeot Partner, Citroën Berlingo)",,,car,oil-filters,Peugeot,Replacement oil filter for Peugeot. Check the part number or ask us to confirm it fits your car.,yes,,,2026-10-06,images/products/oil-filter-hu612x.jpg,
oil-filter-hu727-1x,Oil Filter HU727/1X (Mercedes M111/M104),,,car,oil-filters,Mercedes,Replacement oil filter for Mercedes. Check the part number or ask us to confirm it fits your car.,yes,,,2026-10-06,images/products/oil-filter-hu727-1x.jpg,
oil-filter-hu925-4x,"Oil Filter HU925/4X (BMW M50/M52, E36/E46/E39, X5)",,,car,oil-filters,BMW,Replacement oil filter for BMW. Check the part number or ask us to confirm it fits your car.,yes,,,2026-10-06,images/products/oil-filter-hu925-4x.jpg,
oil-drain-plug-bolt,Oil Drain Plug Bolt with Washer,,,car,parts,,Replacement part for your vehicle.,yes,,,2026-10-06,images/products/oil-drain-plug-bolt.jpg,
tire-scrub-brush-gray,Tire & Carpet Scrub Brush (Gray Grip),,,car,cleaning,,Car washing and cleaning essential.,yes,,,2026-10-06,images/products/tire-scrub-brush-gray.jpg,
oil-filter-hu7044z,"Oil Filter HU7044Z (Mercedes W205, A205/C205/S205, W176/177)",,,car,oil-filters,Mercedes,Replacement oil filter for Mercedes. Check the part number or ask us to confirm it fits your car.,yes,,,2026-10-06,images/products/oil-filter-hu7044z.jpg,
getsun-dashboard-leather-wax,Getsun Dashboard & Leather Wax G-2017,,,car,chemicals,,"Car care product for a cleaner, better-protected vehicle.",yes,,,2026-10-06,images/products/getsun-dashboard-leather-wax.jpg,
getsun-foam-out-engine-degreaser,Getsun Foam Out! Engine Surface Foam Degreaser,,,car,chemicals,,"Car care product for a cleaner, better-protected vehicle.",yes,,,2026-10-06,images/products/getsun-foam-out-engine-degreaser.jpg,images/products/getsun-foam-out-engine-degreaser-2.jpg
oil-filter-hu7025z,"Oil Filter HU7025Z (Mercedes M276/M278, W204/W212/W218)",,,car,oil-filters,Mercedes,Replacement oil filter for Mercedes. Check the part number or ask us to confirm it fits your car.,yes,,,2026-10-06,images/products/oil-filter-hu7025z.jpg,
oil-filter-hu8008z,"Oil Filter HU8008Z (Range Rover Vogue/Sport, LR4)",,,car,oil-filters,Land Rover,Replacement oil filter for Land Rover. Check the part number or ask us to confirm it fits your car.,yes,,,2026-10-06,images/products/oil-filter-hu8008z.jpg,
oil-filter-hu8007z,"Oil Filter HU8007Z (BMW N63, E70 X5, E71 X6, F01)",,,car,oil-filters,BMW,Replacement oil filter for BMW. Check the part number or ask us to confirm it fits your car.,yes,,,2026-10-06,images/products/oil-filter-hu8007z.jpg,
car-cover-silver,Waterproof Silver Car Cover,,,car,interior,,Interior accessory for more comfort and convenience.,yes,,,2026-10-06,images/products/car-cover-silver.jpg,
getsun-4x-tire-foam,Getsun 4-X Tire Foam G-1006,,,car,chemicals,,"Car care product for a cleaner, better-protected vehicle.",yes,,,2026-10-06,images/products/getsun-4x-tire-foam.jpg,images/products/getsun-4x-tire-foam-2.jpg
getsun-air-freshener-jasmine,Getsun Air Freshener Spray - Jasmine (300 ml),,,car,air-fresheners,,Keeps your car smelling fresh.,yes,,,2026-10-06,images/products/getsun-air-freshener-jasmine.jpg,
getsun-sticker-remover,Getsun Sticker Remover (450 ml),,,car,chemicals,,"Car care product for a cleaner, better-protected vehicle.",yes,,,2026-10-06,images/products/getsun-sticker-remover.jpg,
getsun-carnauba-car-wax,Getsun Carnauba Car Wax Paste G-3118,,,car,chemicals,,"Car care product for a cleaner, better-protected vehicle.",yes,,,2026-10-06,images/products/getsun-carnauba-car-wax.jpg,
pressure-washer-nozzle-tips,Pressure Washer Nozzle Tips 15° & 40°,,,car,cleaning,,Car washing and cleaning essential.,yes,,,2026-10-06,images/products/pressure-washer-nozzle-tips.jpg,
auto-lamp-bulbs-ba15s,"Auto Lamp Bulbs (Single Contact, Box)",,,car,car-lights,,Lighting upgrade for your car.,yes,,,2026-10-06,images/products/auto-lamp-bulbs-ba15s.jpg,
getsun-dashboard-polish-peach,Getsun Silicone Dashboard Polish - Peach G-7102G,,,car,chemicals,,"Car care product for a cleaner, better-protected vehicle.",yes,,,2026-10-06,images/products/getsun-dashboard-polish-peach.jpg,
renken-oil-filter-90915-20001,Renken Oil Filter 90915-20001 (Toyota),,,car,oil-filters,Toyota,Replacement oil filter for Toyota. Check the part number or ask us to confirm it fits your car.,yes,yes,,2026-10-06,images/products/renken-oil-filter-90915-20001.jpg,
renken-oil-filter-md069782,Renken Oil Filter MD069782 (Mitsubishi),,,car,oil-filters,Mitsubishi,Replacement oil filter for Mitsubishi. Check the part number or ask us to confirm it fits your car.,yes,,,2026-10-06,images/products/renken-oil-filter-md069782.jpg,images/products/renken-oil-filter-md069782-2.jpg
foam-sprayer-tank-stainless,Stainless Steel Pneumatic Foam Sprayer Tank,,,car,cleaning,,Car washing and cleaning essential.,yes,,,2026-10-06,images/products/foam-sprayer-tank-stainless.jpg,
renken-oil-filter-90915-30001,Renken Oil Filter 90915-30001 (Toyota),,,car,oil-filters,Toyota,Replacement oil filter for Toyota. Check the part number or ask us to confirm it fits your car.,yes,,,2026-10-06,images/products/renken-oil-filter-90915-30001.jpg,
renken-oil-filter-ls468,Renken Oil Filter LS468,,,car,oil-filters,,Replacement oil filter. Check the part number or ask us to confirm it fits your car.,yes,,,2026-10-06,images/products/renken-oil-filter-ls468.jpg,
amber-side-marker-lights-wired,Amber Side Marker Lights with Wiring (Set of 4),,,car,car-lights,,Lighting upgrade for your car.,yes,,,2026-10-06,images/products/amber-side-marker-lights-wired.jpg,
rgb-ambient-light-strip-remote,RGB Interior Ambient Light Strip with Remote,,,car,car-lights,,Lighting upgrade for your car.,yes,,,2026-10-06,images/products/rgb-ambient-light-strip-remote.jpg,
xiangyu-oil-filter-xyo-7201,Xiangyu Oil Filter XYO-7201 (Toyota 90915-10001 / YZZE1),,,car,oil-filters,Toyota,Replacement oil filter for Toyota. Check the part number or ask us to confirm it fits your car.,yes,,,2026-10-06,images/products/xiangyu-oil-filter-xyo-7201.jpg,
xiangyu-oil-filter-xyo-7211,Xiangyu Oil Filter XYO-7211 (Toyota 15600-41010 / JX0818B),,,car,oil-filters,Toyota,Replacement oil filter for Toyota. Check the part number or ask us to confirm it fits your car.,yes,,,2026-10-06,images/products/xiangyu-oil-filter-xyo-7211.jpg,images/products/xiangyu-oil-filter-xyo-7211-2.jpg
xiangyu-oil-filter-xyo-7205,Xiangyu Oil Filter XYO-7205 (Toyota 90915-20001 / 03002),,,car,oil-filters,Toyota,Replacement oil filter for Toyota. Check the part number or ask us to confirm it fits your car.,yes,,,2026-10-06,images/products/xiangyu-oil-filter-xyo-7205.jpg,
xiangyu-oil-filter-xyo-7401,Xiangyu Oil Filter XYO-7401 (Nissan 15208-31U00),,,car,oil-filters,Nissan,Replacement oil filter for Nissan. Check the part number or ask us to confirm it fits your car.,yes,,,2026-10-06,images/products/xiangyu-oil-filter-xyo-7401.jpg,
xiangyu-oil-filter-xyo-7005,Xiangyu Oil Filter XYO-7005 (VW 03C 115 561B),,,car,oil-filters,VW,Replacement oil filter for VW. Check the part number or ask us to confirm it fits your car.,yes,,,2026-10-06,images/products/xiangyu-oil-filter-xyo-7005.jpg,
xiangyu-oil-filter-xyo-7202,Xiangyu Oil Filter XYO-7202 (Toyota 90915-YZZB2),,,car,oil-filters,Toyota,Replacement oil filter for Toyota. Check the part number or ask us to confirm it fits your car.,yes,,,2026-10-06,images/products/xiangyu-oil-filter-xyo-7202.jpg,
xiangyu-oil-filter-xyo-7209,Xiangyu Oil Filter XYO-7209 (Toyota 90915-YZZC5 / YZZA5),,,car,oil-filters,Toyota,Replacement oil filter for Toyota. Check the part number or ask us to confirm it fits your car.,yes,,,2026-10-06,images/products/xiangyu-oil-filter-xyo-7209.jpg,
xiangyu-oil-filter-xyo-7300,Xiangyu Oil Filter XYO-7300 (Mitsubishi MD135737),,,car,oil-filters,Mitsubishi,Replacement oil filter for Mitsubishi. Check the part number or ask us to confirm it fits your car.,yes,,,2026-10-06,images/products/xiangyu-oil-filter-xyo-7300.jpg,
xiangyu-oil-filter-xyo-7400,Xiangyu Oil Filter XYO-7400 (Nissan 15208-65F00),,,car,oil-filters,Nissan,Replacement oil filter for Nissan. Check the part number or ask us to confirm it fits your car.,yes,,,2026-10-06,images/products/xiangyu-oil-filter-xyo-7400.jpg,
xiangyu-oil-filter-xyo-7302,Xiangyu Oil Filter XYO-7302 (Mitsubishi MD136466),,,car,oil-filters,Mitsubishi,Replacement oil filter for Mitsubishi. Check the part number or ask us to confirm it fits your car.,yes,,,2026-10-06,images/products/xiangyu-oil-filter-xyo-7302.jpg,
xiangyu-oil-filter-xyo-71402,"Xiangyu Oil Filter XYO-71402 (Range Rover / Discovery 3 4.2L-4.4L, OEM 4508334)",,,car,oil-filters,Land Rover,Replacement oil filter for Land Rover. Check the part number or ask us to confirm it fits your car.,yes,,,2026-10-06,images/products/xiangyu-oil-filter-xyo-71402.jpg,
truck-corner-led-lamp-red,Truck Corner LED Side Lamp (Red),,,truck,truck-lights,,"LED light for trucks and trailers. Bright, durable and easy to install.",yes,,,2026-10-06,images/products/truck-corner-led-lamp-red.jpg,
led-work-light-30-led,Rectangular LED Work Light - 30 LED,,,truck,truck-lights,,"LED light for trucks and trailers. Bright, durable and easy to install.",yes,,,2026-10-06,images/products/led-work-light-30-led.jpg,
led-work-light-12-led,Rectangular LED Work Light - 12 LED,,,truck,truck-lights,,"LED light for trucks and trailers. Bright, durable and easy to install.",yes,,,2026-10-06,images/products/led-work-light-12-led.jpg,
truck-side-marker-lamps-amber-red,Truck Side Marker Lamps (Amber & Red),,,truck,truck-lights,,"LED light for trucks and trailers. Bright, durable and easy to install.",yes,,,2026-10-06,images/products/truck-side-marker-lamps-amber-red.jpg,
led-work-light-8-module,Rectangular LED Work Light - 8 Module,,,truck,truck-lights,,"LED light for trucks and trailers. Bright, durable and easy to install.",yes,,,2026-10-06,images/products/led-work-light-8-module.jpg,
amber-led-marker-strips,Amber LED Marker Light Strips (Pair),,,truck,truck-lights,,"LED light for trucks and trailers. Bright, durable and easy to install.",yes,,,2026-10-06,images/products/amber-led-marker-strips.jpg,
led-work-light-48-led,Rectangular LED Work Light - 48 LED,,,truck,truck-lights,,"LED light for trucks and trailers. Bright, durable and easy to install.",yes,yes,,2026-10-06,images/products/led-work-light-48-led.jpg,
truck-led-tail-light,Truck LED Combination Tail Light,,,truck,truck-lights,,"LED light for trucks and trailers. Bright, durable and easy to install.",yes,,,2026-10-06,images/products/truck-led-tail-light.jpg,
green-round-lamp,Green Round Lamp,,,truck,truck-lights,,"LED light for trucks and trailers. Bright, durable and easy to install.",yes,,,2026-10-06,images/products/green-round-lamp.jpg,
amber-oval-marker-light,Amber Oval LED Marker Light (Chrome),,,truck,truck-lights,,"LED light for trucks and trailers. Bright, durable and easy to install.",yes,,,2026-10-06,images/products/amber-oval-marker-light.jpg,
led-license-plate-light,LED License Plate Light (Chrome),,,truck,truck-lights,,"LED light for trucks and trailers. Bright, durable and easy to install.",yes,,,2026-10-06,images/products/led-license-plate-light.jpg,
led-button-marker-lights,Mini LED Button Marker Lights (5 Colors),,,truck,truck-lights,,"LED light for trucks and trailers. Bright, durable and easy to install.",yes,,,2026-10-06,images/products/led-button-marker-lights.jpg,
truck-led-tail-light-arrow,Truck LED Tail Light with Arrow Indicator,,,truck,truck-lights,,"LED light for trucks and trailers. Bright, durable and easy to install.",yes,,,2026-10-06,images/products/truck-led-tail-light-arrow.jpg,
truck-led-tail-light-reflector,Truck LED Tail Light with Reflectors,,,truck,truck-lights,,"LED light for trucks and trailers. Bright, durable and easy to install.",yes,,,2026-10-06,images/products/truck-led-tail-light-reflector.jpg,
cam-buckle-strap-pink,Cam Buckle Tie-Down Strap (Pink),,,truck,tie-downs,,Secure your load safely.,yes,,,2026-10-06,images/products/cam-buckle-strap-pink.jpg,
led-dome-cab-lights,LED Dome Cab Marker Lights (5 Colors),,,truck,truck-lights,,"LED light for trucks and trailers. Bright, durable and easy to install.",yes,,,2026-10-06,images/products/led-dome-cab-lights.jpg,
tie-down-strap-red,Tie-Down Strap with Buckle (Red),,,truck,tie-downs,,Secure your load safely.,yes,,,2026-10-06,images/products/tie-down-strap-red.jpg,
guangzhong-fuel-filter-ff5327,G-Zhong Fuel Filter FF5327,,,truck,truck-filters,,Heavy-duty filter for trucks and diesel engines. Check the part number or ask us to confirm fit.,yes,,,2026-10-06,images/products/g-zhong-fuel-filter-ff5327-box.jpg,images/products/guangzhong-fuel-filter-ff5327.jpg
g-zhong-air-dryer-ff5116,G-Zhong Air Dryer Filter FF5116,,,truck,truck-filters,,Heavy-duty filter for trucks and diesel engines. Check the part number or ask us to confirm fit.,yes,,,2026-10-06,images/products/g-zhong-air-dryer-ff5116.jpg,
g-zhong-fuel-filter-ff5488,G-Zhong Fuel Filter FF5488 (Cummins 3959612),,,truck,truck-filters,Cummins,Heavy-duty filter for trucks and diesel engines for Cummins. Check the part number or ask us to confirm fit.,yes,,,2026-10-06,images/products/g-zhong-fuel-filter-ff5488.jpg,
g-zhong-fuel-filter-fs1040,G-Zhong Fuel Filter / Water Separator FS1040 (Cummins 4331009),,,truck,truck-filters,Cummins,Heavy-duty filter for trucks and diesel engines for Cummins. Check the part number or ask us to confirm fit.,yes,,,2026-10-06,images/products/g-zhong-fuel-filter-fs1040.jpg,
g-zhong-fuel-filter-612630080087,G-Zhong Fuel Filter 612630080087 / 1000422382,,,truck,truck-filters,,Heavy-duty filter for trucks and diesel engines. Check the part number or ask us to confirm fit.,yes,,,2026-10-06,images/products/g-zhong-fuel-filter-612630080087.jpg,
g-zhong-oil-filter-jx0811c1,G-Zhong Oil Filter JX0811C1,,,truck,truck-filters,,Heavy-duty filter for trucks and diesel engines. Check the part number or ask us to confirm fit.,yes,,,2026-10-06,images/products/g-zhong-oil-filter-jx0811c1.jpg,
g-zhong-oil-filter-jxd1104,G-Zhong Oil Filter JXD1104,,,truck,truck-filters,,Heavy-duty filter for trucks and diesel engines. Check the part number or ask us to confirm fit.,yes,,,2026-10-06,images/products/g-zhong-oil-filter-jxd1104.jpg,
g-zhong-oil-filter-477556,G-Zhong Oil Filter 477556 / 21707132 (By-Pass),,,truck,truck-filters,,Heavy-duty filter for trucks and diesel engines. Check the part number or ask us to confirm fit.,yes,,,2026-10-06,images/products/g-zhong-oil-filter-477556.jpg,
g-zhong-oil-filter-ca000-1012011a,"G-Zhong Oil Filter CA000-1012011A (JX0810, Yuchai)",,,truck,truck-filters,Yuchai,Heavy-duty filter for trucks and diesel engines for Yuchai. Check the part number or ask us to confirm fit.,yes,,,2026-10-06,images/products/g-zhong-oil-filter-ca000-1012011a.jpg,
g-zhong-fuel-filter-fs1280,G-Zhong Fuel Filter FS1280,,,truck,truck-filters,,Heavy-duty filter for trucks and diesel engines. Check the part number or ask us to confirm fit.,yes,,,2026-10-06,images/products/g-zhong-fuel-filter-fs1280.jpg,
g-zhong-oil-filter-jx0813,G-Zhong Oil Filter JX0813 / 186-1012000,,,truck,truck-filters,,Heavy-duty filter for trucks and diesel engines. Check the part number or ask us to confirm fit.,yes,,,2026-10-06,images/products/g-zhong-oil-filter-jx0813.jpg,images/products/g-zhong-oil-filter-jx0813-2.jpg
g-zhong-oil-filter-jx0818a,G-Zhong Oil Filter JX0818A / 61000070005,,,truck,truck-filters,,Heavy-duty filter for trucks and diesel engines. Check the part number or ask us to confirm fit.,yes,,,2026-10-06,images/products/g-zhong-oil-filter-jx0818a.jpg,
g-zhong-fuel-filter-fs1000,G-Zhong Fuel Filter / Water Separator FS1000,,,truck,truck-filters,,Heavy-duty filter for trucks and diesel engines. Check the part number or ask us to confirm fit.,yes,,,2026-10-06,images/products/g-zhong-fuel-filter-fs1000.jpg,
g-zhong-oil-filter-15607-2190,G-Zhong Oil Filter 15607-2190 (Hino),,,truck,truck-filters,Hino,Heavy-duty filter for trucks and diesel engines for Hino. Check the part number or ask us to confirm fit.,yes,,,2026-10-06,images/products/g-zhong-oil-filter-15607-2190.jpg,
g-zhong-fuel-filter-wk962-7,G-Zhong Fuel Filter WK962/7,,,truck,truck-filters,,Heavy-duty filter for trucks and diesel engines. Check the part number or ask us to confirm fit.,yes,,,2026-10-06,images/products/g-zhong-fuel-filter-wk962-7.jpg,
g-zhong-oil-filter-lf9009,G-Zhong Oil Filter LF9009,,,truck,truck-filters,,Heavy-duty filter for trucks and diesel engines. Check the part number or ask us to confirm fit.,yes,,,2026-10-06,images/products/g-zhong-oil-filter-lf9009.jpg,
g-zhong-long-acting-oil-element,G-Zhong Long-Acting Oil Filter Element (Yellow Box),,,truck,truck-filters,,Heavy-duty filter for trucks and diesel engines. Check the part number or ask us to confirm fit.,yes,,,2026-10-06,images/products/g-zhong-long-acting-oil-element.jpg,
g-zhong-oil-filter-lf670,G-Zhong Oil Filter LF670,,,truck,truck-filters,,Heavy-duty filter for trucks and diesel engines. Check the part number or ask us to confirm fit.,yes,,,2026-10-06,images/products/g-zhong-oil-filter-lf670.jpg,
g-zhong-oil-filter-lf16015,G-Zhong Oil Filter LF16015,,,truck,truck-filters,,Heavy-duty filter for trucks and diesel engines. Check the part number or ask us to confirm fit.,yes,,,2026-10-06,images/products/g-zhong-oil-filter-lf16015.jpg,
g-zhong-long-acting-fuel-element,G-Zhong Long-Acting Fuel Filter Element (Yellow Box),,,truck,truck-filters,,Heavy-duty filter for trucks and diesel engines. Check the part number or ask us to confirm fit.,yes,,,2026-10-06,images/products/g-zhong-long-acting-fuel-element.jpg,
g-zhong-fuel-filter-r90p,G-Zhong Fuel Filter / Water Separator R90P,,,truck,truck-filters,,Heavy-duty filter for trucks and diesel engines. Check the part number or ask us to confirm fit.,yes,,,2026-10-06,images/products/g-zhong-fuel-filter-r90p.jpg,
truck-side-lamp-green-arrow,Truck LED Side Lamp - Green Arrow (Clear Lens),,,truck,truck-lights,,"LED light for trucks and trailers. Bright, durable and easy to install.",yes,,,2026-10-06,images/products/truck-side-lamp-green-arrow.jpg,images/products/truck-side-lamp-green-arrow-2.jpg
truck-led-tail-light-clear-red,Truck LED Tail Light - Clear & Red Sequential,,,truck,truck-lights,,"LED light for trucks and trailers. Bright, durable and easy to install.",yes,,,2026-10-06,images/products/truck-led-tail-light-clear-red.jpg,
truck-led-tail-light-multi,Truck LED Combination Tail Light (Multi-Function),,,truck,truck-lights,,"LED light for trucks and trailers. Bright, durable and easy to install.",yes,,,2026-10-06,images/products/truck-led-tail-light-multi.jpg,
led-tailgate-light-strip,LED Tailgate Light Strip with Turn Signal,,,truck,truck-lights,,"LED light for trucks and trailers. Bright, durable and easy to install.",yes,,,2026-10-06,images/products/led-tailgate-light-strip.jpg,
amber-led-side-marker-wired,Amber LED Side Marker Light with Wires,,,truck,truck-lights,,"LED light for trucks and trailers. Bright, durable and easy to install.",yes,,,2026-10-06,images/products/amber-led-side-marker-wired.jpg,
truck-led-tail-light-diamond,Truck LED Tail Light - Diamond Sequential,,,truck,truck-lights,,"LED light for trucks and trailers. Bright, durable and easy to install.",yes,,,2026-10-06,images/products/truck-led-tail-light-diamond.jpg,
red-rotating-beacon-light,Red Rotating Beacon Warning Light,,,truck,truck-lights,,"LED light for trucks and trailers. Bright, durable and easy to install.",yes,,,2026-10-06,images/products/red-rotating-beacon-light.jpg,
truck-side-lamp-red-ring,Truck LED Side Lamp - Red Ring (Clear Lens),,,truck,truck-lights,,"LED light for trucks and trailers. Bright, durable and easy to install.",yes,,,2026-10-06,images/products/truck-side-lamp-red-ring.jpg,
led-pod-light-4-lens,4-Lens LED Pod Spot Light,,,truck,truck-lights,,"LED light for trucks and trailers. Bright, durable and easy to install.",yes,,,2026-10-06,images/products/led-pod-light-4-lens.jpg,
qilin-cordless-blower,Qilin Cordless Blower with MAX+ Battery,,,tools,power-tools,,Powerful tool for cleaning and workshop jobs.,yes,,,2026-10-06,images/products/qilin-cordless-blower.jpg,
cob-led-inspection-light,Rechargeable COB LED Inspection Light,,,tools,work-lights,,Portable light for work and emergencies.,yes,,,2026-10-06,images/products/cob-led-inspection-light.jpg,
rechargeable-spotlight-tripod,Rechargeable LED Spotlight with Tripod,,,tools,work-lights,,Portable light for work and emergencies.,yes,,,2026-10-06,images/products/rechargeable-spotlight-tripod.jpg,
brass-air-fittings-kit,Brass Air Fittings Kit with Ball Valve & Thread Tape,,,tools,maintenance,,Tool for oil changes and car maintenance.,yes,,,2026-10-06,images/products/brass-air-fittings-kit.jpg,
wet-dry-vacuum-cleaner,Wet & Dry Vacuum Cleaner (Stainless Tank),,,tools,power-tools,,Powerful tool for cleaning and workshop jobs.,yes,,,2026-10-06,images/products/wet-dry-vacuum-cleaner.jpg,
iron-padlock-brass,Iron Padlock with 3 Keys (Brass Finish),,,tools,hardware,,"Useful hardware for home, car and workshop.",yes,,,2026-10-06,images/products/iron-padlock-brass.jpg,
tubeless-tire-repair-kit,Tubeless Tire Repair Kit,,,tools,tire-tools,,Tire repair and inflation tool.,yes,,,2026-10-06,images/products/tubeless-tire-repair-kit.jpg,
oil-filter-cap-wrench-set,Oil Filter Cap Wrench Set (Aluminium Case),,,tools,maintenance,,Tool for oil changes and car maintenance.,yes,,,2026-10-06,images/products/oil-filter-cap-wrench-set.jpg,
adjustable-wrench-red,Adjustable Wrench with Red Comfort Grip,,,tools,wrenches,,Quality wrenches and sockets for everyday repairs.,yes,,,2026-10-06,images/products/adjustable-wrench-red.jpg,
air-pressure-gauge,Air Pressure Gauge (0-1 MPa),,,tools,maintenance,,Tool for oil changes and car maintenance.,yes,,,2026-10-06,images/products/air-pressure-gauge.jpg,
iron-padlock-black,Iron Padlock with 2 Keys (Black),,,tools,hardware,,"Useful hardware for home, car and workshop.",yes,,,2026-10-06,images/products/iron-padlock-black.jpg,
heat-gun-2000w,Heat Gun 2000W FQX-802,,,tools,power-tools,,Powerful tool for cleaning and workshop jobs.,yes,,,2026-10-06,images/products/heat-gun-2000w.jpg,
trim-removal-tool-kit,Car Trim & Panel Removal Tool Kit,,,tools,hand-tools,,Reliable hand tool for the garage or the road.,yes,,,2026-10-06,images/products/trim-removal-tool-kit.jpg,
long-screwdrivers-yellow,Long Screwdrivers - Phillips & Flat (Yellow Handle),,,tools,hand-tools,,Reliable hand tool for the garage or the road.,yes,,,2026-10-06,images/products/long-screwdrivers-yellow.jpg,
hbjx-air-blow-gun,HBJX Air Blow Gun with Extension Nozzle,,,tools,air-tools,,Pneumatic tool for compressors and workshops.,yes,,,2026-10-06,images/products/hbjx-air-blow-gun-2.jpg,images/products/hbjx-air-blow-gun.jpg
mainto-air-blow-gun-blue,Mainto Air Blow Gun with Quick Coupler (Blue),,,tools,air-tools,,Pneumatic tool for compressors and workshops.,yes,,,2026-10-06,images/products/mainto-air-blow-gun-blue.jpg,images/products/mainto-air-blow-gun-blue-2.jpg
air-blow-gun-666-black,Air Blow Gun 666 (Black),,,tools,air-tools,,Pneumatic tool for compressors and workshops.,yes,,,2026-10-06,images/products/air-blow-gun-666-black.jpg,
tire-inflator-gauge-gun,Tire Inflator Gun with Pressure Gauge,,,tools,tire-tools,,Tire repair and inflation tool.,yes,,,2026-10-06,images/products/tire-inflator-gauge-gun.jpg,
besita-oil-filter-cap-set,Besita Oil Filter Cap Wrench Set (Red Case),,,tools,maintenance,,Tool for oil changes and car maintenance.,yes,,,2026-10-06,images/products/besita-oil-filter-cap-set.jpg,
unaite-oil-filter-cap-set,Unaite Oil Filter Cap Wrench Set (Aluminium Case),,,tools,maintenance,,Tool for oil changes and car maintenance.,yes,,,2026-10-06,images/products/unaite-oil-filter-cap-set.jpg,
stainless-wire-brush-white,Stainless Steel Wire Brush (White Handle),,,tools,hand-tools,,Reliable hand tool for the garage or the road.,yes,,,2026-10-06,images/products/stainless-wire-brush-white.jpg,
tire-inflator-chuck-dual-head,Dual-Head Tire Inflator Chuck,,,tools,tire-tools,,Tire repair and inflation tool.,yes,,,2026-10-06,images/products/tire-inflator-chuck-dual-head.jpg,
brass-wire-brush-white,Brass Wire Brush (White Handle),,,tools,hand-tools,,Reliable hand tool for the garage or the road.,yes,,,2026-10-06,images/products/brass-wire-brush-white.jpg,
paint-brush-1-inch,"1"" Paint Brush (Blue Handle)",,,tools,hand-tools,,Reliable hand tool for the garage or the road.,yes,,,2026-10-06,images/products/paint-brush-1-inch.jpg,
air-pressure-regulator,Air Pressure Regulator Valve,,,tools,air-tools,,Pneumatic tool for compressors and workshops.,yes,,,2026-10-06,images/products/air-pressure-regulator.jpg,
hydraulic-hose-3-8,"Hydraulic Hose 3/8"" SAE100 R1AT (180 bar)",,,tools,maintenance,,Tool for oil changes and car maintenance.,yes,,,2026-10-06,images/products/hydraulic-hose-3-8.jpg,
nitrile-work-gloves,Forte Nitrile-Coated Work Gloves,,,tools,hand-tools,,Reliable hand tool for the garage or the road.,yes,,,2026-10-06,images/products/nitrile-work-gloves.jpg,
tubeless-tire-valve-stem,Tubeless Tire Valve Stem (TR413),,,tools,tire-tools,,Tire repair and inflation tool.,yes,,,2026-10-06,images/products/tubeless-tire-valve-stem.jpg,
shop-vac-wet-dry,Shop-Vac Wet & Dry Vacuum,,,tools,power-tools,,Powerful tool for cleaning and workshop jobs.,yes,,,2026-10-06,images/products/shop-vac-wet-dry.jpg,
new-feng-tai-tire-repair-seals,New Feng Tai Tire Repair Seals BR204,,,tools,tire-tools,,Tire repair and inflation tool.,yes,,,2026-10-06,images/products/new-feng-tai-tire-repair-seals.jpg,
leadiiir-tire-patches-ur55g,Leadiiir Tire Repair Patches UR-5.5G (80 pcs),,,tools,tire-tools,,Tire repair and inflation tool.,yes,,,2026-10-06,images/products/leadiiir-tire-patches-ur55g.jpg,
besita-combination-pliers,Besita Combination Pliers (Red & Black),,,tools,pliers,,"Strong, comfortable pliers for gripping and cutting.",yes,,,2026-10-06,images/products/besita-combination-pliers.jpg,
vacuum-dusting-brush-attachment,Vacuum Round Dusting Brush Attachment,,,tools,power-tools,,Powerful tool for cleaning and workshop jobs.,yes,,,2026-10-06,images/products/vacuum-dusting-brush-attachment.jpg,
mibao-ab-glue,Mibao AB Glue - Modified Acrylic Adhesive (20 g),,,tools,hardware,,"Useful hardware for home, car and workshop.",yes,,,2026-10-06,images/products/mibao-ab-glue.jpg,
tire-valve-core-tool,Tire Valve Core Removal Tool (3 pcs),,,tools,tire-tools,,Tire repair and inflation tool.,yes,,,2026-10-06,images/products/tire-valve-core-tool.jpg,
yuken-hydraulic-hose-assembly,Yuken DIN Hydraulic Hose Assembly,,,tools,maintenance,,Tool for oil changes and car maintenance.,yes,,,2026-10-06,images/products/yuken-hydraulic-hose-assembly.jpg,
tire-valve-core-wrench,Tire Valve Core Wrench (Long Handle),,,tools,tire-tools,,Tire repair and inflation tool.,yes,,,2026-10-06,images/products/tire-valve-core-wrench.jpg,
chain-oil-filter-wrench,Chain Oil Filter Wrench (21 mm),,,tools,maintenance,,Tool for oil changes and car maintenance.,yes,,,2026-10-06,images/products/chain-oil-filter-wrench.jpg,
wet-dry-vacuum-zd2119ts-25l,Wet & Dry Blower Vacuum ZD2119TS 25 L (1400 W),,,tools,power-tools,,Powerful tool for cleaning and workshop jobs.,yes,,,2026-10-06,images/products/wet-dry-vacuum-zd2119ts-25l.jpg,
prima-air-orbital-sander,Prima Air Random Orbital Sander,,,tools,air-tools,,Pneumatic tool for compressors and workshops.,yes,,,2026-10-06,images/products/prima-air-orbital-sander.jpg,
fixta-laser-level-pro3,Fixta Laser Level Pro 3 with Tape Measure (250 cm),,,tools,hand-tools,,Reliable hand tool for the garage or the road.,yes,,,2026-10-06,images/products/fixta-laser-level-pro3.jpg,
heavy-duty-hose-clamps,Heavy-Duty T-Bolt Hose Clamps,,,tools,hardware,,"Useful hardware for home, car and workshop.",yes,,,2026-10-06,images/products/heavy-duty-hose-clamps.jpg,
combination-pliers-yellow,Combination Pliers (Yellow & Black Grip),,,tools,pliers,,"Strong, comfortable pliers for gripping and cutting.",yes,,,2026-10-06,images/products/combination-pliers-yellow.jpg,
torx-bit-socket-set-blue,Torx Bit Socket Set (Blue Case),,,tools,wrenches,,Quality wrenches and sockets for everyday repairs.,yes,,,2026-10-06,images/products/torx-bit-socket-set-blue.jpg,
marseille-tape-measure-5m,Marseille Tape Measure 5 m x 25 mm,,,tools,hand-tools,,Reliable hand tool for the garage or the road.,yes,,,2026-10-06,images/products/marseille-tape-measure-5m.jpg,
adjustable-oil-filter-wrench-blue,Adjustable Oil Filter Wrench (Blue Handle),,,tools,maintenance,,Tool for oil changes and car maintenance.,yes,,,2026-10-06,images/products/adjustable-oil-filter-wrench-blue.jpg,
torx-key-set-long,Long Torx Key Set (T10-T50),,,tools,wrenches,,Quality wrenches and sockets for everyday repairs.,yes,,,2026-10-06,images/products/torx-key-set-long.jpg,
socket-set-46pc-red,46-Piece Socket & Bit Set (Red Case),,,tools,wrenches,,Quality wrenches and sockets for everyday repairs.,yes,yes,,2026-10-06,images/products/socket-set-46pc-red.jpg,
locking-pliers-curved,Curved Jaw Locking Pliers,,,tools,pliers,,"Strong, comfortable pliers for gripping and cutting.",yes,,,2026-10-06,images/products/locking-pliers-curved.jpg,
camping-cooking-pot,Camping Cooking Pot with Lid,,,outdoor,camping,,Outdoor and camping essential.,yes,,,2026-10-06,images/products/camping-cooking-pot.jpg,
portable-camping-burner-7-head,Portable Camping Gas Burner (7 Burners),,,outdoor,camping,,Outdoor and camping essential.,yes,,,2026-10-06,images/products/portable-camping-burner-7-head.jpg,
stainless-travel-mug,Stainless Steel Travel Mug,,,outdoor,camping,,Outdoor and camping essential.,yes,,,2026-10-06,images/products/stainless-travel-mug.jpg,
camping-kettle,Aluminium Camping Kettle,,,outdoor,camping,,Outdoor and camping essential.,yes,,,2026-10-06,images/products/camping-kettle.jpg,
portable-gas-stove-bdz-155a,Portable Gas Stove BDZ-155-A,,,outdoor,camping,,Outdoor and camping essential.,yes,yes,,2026-10-06,images/products/portable-gas-stove-bdz-155a.jpg,
solar-motion-sensor-light,Solar LED Wall Light with Motion Sensor,,,outdoor,camping,,Outdoor and camping essential.,yes,,,2026-10-06,images/products/solar-motion-sensor-light.jpg,
retro-camping-lantern,Retro LED Camping Lantern,,,outdoor,camping,,Outdoor and camping essential.,yes,,,2026-10-06,images/products/retro-camping-lantern.jpg,
12v-electric-air-pump,12V Electric Air Pump (Inflatables),,,outdoor,camping,,Outdoor and camping essential.,yes,,,2026-10-06,images/products/12v-electric-air-pump.jpg,
beijilang-sleeping-bag,BeiJiLang Sleeping Bag,,,outdoor,camping,,Outdoor and camping essential.,yes,,,2026-10-06,images/products/beijilang-sleeping-bag.jpg,
folding-table-pink,Folding Aluminium Table (Pink),,,outdoor,camping,,Outdoor and camping essential.,yes,,,2026-10-06,images/products/folding-table-pink.jpg,
stainless-bbq-grill-tray,Stainless Steel BBQ Grill Tray with Mesh Rack,,,outdoor,camping,,Outdoor and camping essential.,yes,,,2026-10-06,images/products/stainless-bbq-grill-tray.jpg,
pop-up-shower-tent,Pop-Up Privacy / Shower Tent (Blue),,,outdoor,camping,,Outdoor and camping essential.,yes,,,2026-10-06,images/products/pop-up-shower-tent.jpg,
wireless-party-speaker-ttd2809,"Wireless Party Speaker 8.5"" x2 (TTD-2809)",,,outdoor,camping,,Outdoor and camping essential.,yes,,,2026-10-06,images/products/wireless-party-speaker-ttd2809.jpg,
rechargeable-mosquito-killer-lamp,Rechargeable Mosquito Killer Lamp,,,outdoor,camping,,Outdoor and camping essential.,yes,,,2026-10-06,images/products/rechargeable-mosquito-killer-lamp.jpg,
